Judul,Tanggal,Artikel,Category
"Astronom Berhasil Deteksi Oksigen di Venus, Apakah Sama dengan di Bumi?","Rabu, 15 Nov 2023 20:30 WIB","Tim astronom dari German Aerospace Center (DLR) berhasil mendeteksi kandungan atom oksigen di planet Venus. Namun, atom oksigen ini berbeda dengan yang ada di Bumi. Apa bedanya? Tim yang dipimpin oleh Heinz Wilhelm Hubers mempelajari data dari Observatorium Stratosfer untuk Astronomi Inframerah (SOFIA) yang terbang ke atmosfer Bumi, dalam panjang gelombang terahertz mencakup gelombang mikro dan inframerah jauh. Data yang dikumpulkan dari 17 lokasi yaitu 7 sisi siang Venus dan 9 sisi malam serta 1 di terminator. Dari 17 lokasi tersebut, tim mendeteksi oksigen atom yang konsentrasinya mencapai puncaknya pada ketinggian sekitar 100 kilometer. SCROLL TO CONTINUE WITH CONTENT Ketinggian tersebut sesuai dengan dua pola sirkulasi atmosfer Venus. Pola itu berupa aliran super rotasi di bawah 70 kilometer berputar berlawanan arah dan aliran subsolar ke antisolar di atas 12 kilometer, sebagaimana dikutip dari Science Alert. Venus merupakan planet yang mirip dengan Bumi dari sisi massa dan komposisinya. Namun Bumi menjadi tempat kehidupan manusia, sedangkan Venus diselimuti awan tebal penghasil hujan asam dari karbon dioksida dengan suhu sekitar 464 derajat celcius dan menjadi lubang kematian. Angin di Venus bertiup dengan kecepatan sekitar 700 kilometer per jam. Sedangkan di Bumi angin maksimal berhembus dengan kecepatan 407 kilometer per jam. Perbedaan lainnya adalah kandungan oksigen pada Venus yang berbeda dengan Bumi. Oksigen atom berbeda dengan oksigen yang dihirup manusia. Oksigen atom terdiri dari atom oksigen tunggal dan cenderung tidak tahan lama, karena sangat reaktif dan mudah berikatan dengan atom lain. Di Bumi, oksigen tersedia banyak di daerah dataran tinggi karena terbentuk melalui fotodisosiasi molekul oksigen. Pada dasarnya foton matahari memecah oksigen di atmosfer. Proses tersebut kemungkinan juga terjadi di Venus. Atmosfer Venus didominasi oleh karbon dioksida dan ketika cahaya Matahari mengenainya, maka fotodisosiasi membagi molekul menjadi atom oksigen dan karbon monoksida. Atom-atom tersebut bergerak menuju sisi malam Venus dan bergabung kembali menjadi karbon dioksida. Proses itu menyebabkan sisi malam Venus bersinar. Para peneliti menyatakan atom oksigen sampai saat ini belum dimanfaatkan untuk menyelidiki zona transisi atmosfer di Venus. ""Pengamatan di masa depan, terutama di dekat titik antisolar dan subsolar, tetapi juga di semua sudut puncak Matahari akan memberikan gambaran yang lebih rinci tentang wilayah aneh ini serta mendukung misi luar angkasa di masa depan,"" tulis para peneliti dalam Nature Communications. ""Bersamaan dengan pengukuran oksigen atom di Bumi dna Mars, data ini membantu meningkatkan pemahaman tentang bagaimana dan mengapa atmosfer Venus berbeda dengan Bumi,"" tutupnya. ",Edu
"Laporan Open Doors: Pelajar RI di AS Naik 5,8% Dibanding 2022, Nomor 2 se-ASEAN","Rabu, 15 Nov 2023 20:00 WIB","Pelajar Indonesia yang belajar di Amerika Serikat (AS) meningkat 5,8% dibanding tahun 2022. Faktor apa saja yang membuat peningkatan itu? Laporan tahunan Open Doors Report yang dikeluarkan Institute of International Education menunjukkan jumlah pelajar Indonesia yang menempuh pendidikan di Amerika Serikat meningkat di tahun 2023. Peningkatan terjadi hingga 5,8% dari tahun 2022 lalu sebanyak 8.003 dan di tahun 2023 mencapai 8.467 orang, sebagaimana dilansir dari rilis Kedubes AS, Rabu (15/11/2023). SCROLL TO CONTINUE WITH CONTENT Peningkatan pelajar RI yang belajar ke AS ini dipengaruhi faktor-faktor antara lain: 1. Peningkatan jumlah warga negara Indonesia yang mengikuti program pascasarjana di Amerika Serikat sebesar 22% 2. Peningkatan yang mengikuti pelatihan kerja pasca-kelulusan melalui program Optional Practical Training (OPT) sebesar 16% Open Doors menyensus 32 negara di dunia. Dari 32 negara di dunia, negara yang terbesar menyumbang pelajarnya ke AS berikut 5 besarnya dari atas: 1. China - 289.526 pelajar2. India - 268.923 pelajar3. Korea Selatan - 43.847 pelajar4. Vietnam - 21.900 pelajar5. Taiwan - 21.834 pelajar Sedangkan dibanding negara-negara Asia Tenggara lainnya Indonesia ada di urutan kedua: 1. Vietnam - 21.900 pelajar2. Indonesia - 8.467 pelajar3. Thailand - 5.376 pelajar4. Malaysia - 4.973 pelajar5. Singapura - 4.484 pelajar6. Filipina - 3.818 pelajar7. Myanmar - 2.483 pelajar8. Kamboja - 1.060 pelajar9. Laos - 107 pelajar10. Brunei - 41 pelajar11. Timor Leste - 31 pelajar Dalam posisi sebaliknya, pelajar AS yang belajar ke Indonesia, juga menunjukkan peningkatan. Peningkatan ini bisa dibilang cukup drastis, meski tidak sebanyak pelajar RI di AS. Jumlah pelajar AS yang belajar di Indonesia dari 10 menjadi 142 orang. Angka ini menunjukkan jumlah pelajar AS yang belajar ke Indonesia mulai normal usai masa 3 tahun pandemi COVID yang memengaruhi mobilitas pelajar di seluruh dunia. ""Salah satu prioritas utama misi AS di Indonesia adalah meningkatkan hubungan antar masyarakat melalui pendidikan dan pertukaran. Saya senang melihat peningkatan tahun ini dan saya optimis tren peningkatan ini akan terus berlanjut di tahun-tahun mendatang,"" kata Duta Besar AS Sung Y Kim. Pertukaran pendidikan juga termasuk ke dalam pilar utama Kemitraan Strategis Komprehensif AS-Indonesia yang baru diumumkan dalam pertemuan antara Presiden Biden dan Presiden Jokowi, Senin (13/11) di Washington, DC. Selain itu Presiden Jokowi juga mengungkapkan bahwa kampus asal AS, Georgetown University akan membangun kampus di Indonesia pada tahun 2024. Hal ini diungkap ketika Jokowi memberikan kuliah umum di kampus tersebut di Washington DC. Dia berharap rencana ini tidak akan mundur. Selain itu, Jokowi mengatakan kuliah umum di Georgetown University tersebut adalah pertama kalinya dia berbicara di sebuah universitas di Amerika. ""Ini pertama kali saya berbicara di sebuah universitas di Amerika dan itu adalah Georgetown University. Alasan saya ada dua, pertama karena ini adalah universitas bagus, top. Tepuk tangan untuk Georgetown University,"" ujar Jokowi, melalui akun YouTube Sekretariat Presiden, dikutip pada Rabu (15/11/2023). ""Yang kedua karena Indonesia dan Georgetown akan menjalin kerja sama dan Georgetown akan membuka kampus di Indonesia tahun depan. Semoga tidak mundur,"" tutur Jokowi. Lokasi persis Georgetown University dan waktu pembukaan kampus asal AS ini belum diumumkan. ",Edu
"Kisah Ellingson, Arkeolog yang Karyanya Diplagiasi Rekan Sendiri Selama 90 Tahun","Rabu, 15 Nov 2023 19:30 WIB","Bagaimana perasaan detikers jika karya yang kamu ciptakan justru diplagiasi oleh rekan sendiri? Kondisi ini benar-benar terjadi pada mantan arkeolog Universitas Evansville, yakni Dr. Mary Ellingson yang karyanya diplagiasi oleh rekan penelitiannya. Saat masih hidup, Ellingson melakukan penggalian di situs Olynthus di Yunani pada tahun 1930-an. Penggalian ini berfokus pada arsitektur domestik dan memberikan wawasan tentang aspek-aspek pribadi budaya Yunani kuno. Keterlibatan Ellingson dalam mengarahkan pekerja Yunani dan mendokumentasikan patung terakota di lapangan menjadi landasan tesis masternya, yakni David Robinson. SCROLL TO CONTINUE WITH CONTENT Beberapa tahun kemudian, Robinson melanjutkan analisis terobosannya dengan menyusun disertasinya. Ia mendefinisikan ulang penafsiran patung-patung Yunani kuno yang dilakukan oleh Ellingson sebelumnya. Tindakannya tersebut berujung pada plagiasi, sebab Robinson menerbitkan kedua dokumen milik Ellingson atas namanya sendiri sebagai bagian dari seri Penggalian Olynthus. Parahnya, tindakan ini sama sekali tidak terdeteksi selama beberapa dekade sampai ditemukannya kembali album foto Ellingson. Pada suatu saat, album foto Mary Ellingson dan surat-suratnya dari tahun 1931 ditemukan oleh Dr. Alan Kaiser, seorang profesor arkeologi dari Universitas Evansville. Setelah menemukan bukti tersebut, Kaiser mengungkap sejarah ini dalam bukunya, yang diterbitkan pada tahun 2014 yang berjudul ""Arkeologi, Seksisme, dan Skandal."" Melansir dari laman resmi Universitas Evansville, tindakan Kaiser ini mendapat respon dari pengulas dan pendukung bukunya. Mereka memaksa Johns Hopkins University Press, sebagai pemegang hak cipta seri Penggalian Olynthus untuk mengakui kontribusi Ellingson. Pada tahun lalu, mereka mengajukan petisi kepada Perpustakaan Kongres untuk memperbaiki catatan sejarah dengan menambahkan nama Dr. Ellingson sebagai penulis dalam entri katalog seri tersebut. Akhirnya, pada Oktober 2023 lalu, Perpustakaan Kongres mengumumkan bahwa mereka secara resmi menambahkan nama Mary Ellingson ke dalam entri katalog seri pada Penggalian di Olynthus, sebuah publikasi arkeologi ilmiah yang berarti. Bagi para peneliti, pengakuan penting ini tidak hanya memperbaiki ketidakadilan historis yang diderita oleh Dr. Ellingson. Pengakuan ini juga menjadi kemenangan bagi semua orang yang tanpa lelah mencari keadilan bagi seorang perempuan yang secara tidak adil dihilangkan dari halaman sejarah, sebagaimana dilansir dari laman Inside Higher Ed. ""Mengakui kontribusi Dr. Mary Ellingson yang telah lama dirahasiakan pada seri Penggalian di Olynthus adalah langkah signifikan menuju keadilan di dunia akademis,"" ujar Kaiser. ""Karya inovatifnya akhirnya mendapat pengakuan yang layak, dan kisahnya menjadi inspirasi bagi semua orang yang berjuang untuk kebenaran dan pengakuan di bidangnya masing-masing,"" imbuhnya. ",Edu
Jangan Katakan 4 Kalimat Ini Agar Anak Bisa Sukses,"Rabu, 15 Nov 2023 19:15 WIB","Membesarkan anak bukanlah suatu hal yang mudah. Apalagi anak-anak yang sedang dalam masa pendewasaan. Mereka cenderung menyerap dan merekam semua perkataan hingga sikap orang-orang yang ada di sekitarnya. Kekuatan memori yang anak-anak miliki dapat berpengaruh dalam perkembangan mereka ke depannya. Agar anak sukses, maka jangan katakan kalimat-kalimat yang dapat mengganggu stabilitas emosional mereka. Itu sebabnya, orang harus memperhatikan setiap kata yang keluar dari mulutnya. Orang tua harus bijak dalam berkata, jangan sampai melontarkan kata-kata kasar atau tidak baik yang bisa dicontoh oleh anak ke depannya. Menurut Julia DiGangi, seorang Neuropsikolog dari Harvard Medical School, untuk membesarkan anak agar cerdas secara emosional, orang tua perlu berbicara dengan menggunakan pendekatan secara emosional. SCROLL TO CONTINUE WITH CONTENT Kira-kira kalimat seperti apa yang tidak boleh dikatakan kepada anak-anak, agar tidak mengganggu proses pertumbuhan mereka? Berikut ini 4 kalimat yang jangan dikatakan agar anak bisa sukses, dikutip melalui laman CNBC. Mengatakan kalimat seperti ""kalau kamu nggak kerja keras, kamu hanya akan menyesal ke depannya loh!"" dapat menanamkan rasa takut pada diri anak. Cara ini dianggap paling tidak efektif dalam memicu motivasi anak. Cara seperti ini juga merugikan bagi anak-anak, karena setiap perkataan yang menanamkan rasa takut, akan membuat anak-anak merasa stres. Hal ini dikarenakan, anak-anak belum mampu berpikir jauh ke depan seperti orang dewasa, itulah yang menjadikan mereka anak-anak. Berikut ini perbuatan atau perilaku baik yang bisa orang tua lakukan: 1. Mendorong mereka untuk melakukan aktivitas yang mereka sukai. Contohnya: ""Kamu belum jago melakukan kegiatan X, tapi nggak apa-apa, kamu masih bisa terus berlatih ke depannya."" 2. Orang tua seharusnya membantu anak-anak melihat sisi positif dari semua persoalan. Contohnya: ""Memang sulit buat ngelakuin kegiatan X, tapi kalau kamu rajin latihan, kamu pasti bisa kok!"" Menerapkan sistem hukum menghukum memang membuat orang tua merasa seperti memiliki kendali. Tapi, beberapa penelitian menunjukkan bahwa hal tersebut dapat merusak hubungan antara anak dan orang tua. Selain itu, menerapkan hukuman adalah cara yang tidak efektif dalam mengubah perilaku anak yang tidak disiplin. Memang benar, menerapkan hukuman dapat menghentikan pertikaian antara anak dan orang tua secara singkat, namun hal ini tidak memberikan inspirasi yang positif bagi anak. Semakin sering orang tua mengancam, maka akan semakin sering pula anak-anak untuk berbohong dan menyembunyikan masalah yang sedang mereka alami. Berikut ini hal yang bisa dilakukan dan diucapkan oleh orang tua: Sebenarnya, tidak ada yang salah dengan kalimat ""Ayah/ibu akan memberikan uang kalau nanti nilaimu bagus"", karena pada dasarnya, kalimat tersebut merupakan sebuah bentuk penghargaan. Namun, mengatakan hal demikian tidak dianjurkan, karena dapat membuat potensi anak menjadi berkurang seiring berkembangnya waktu. Mereka akan lebih fokus terhadap mendapatkan uang daripada fokus terhadap pembelajaran yang seharusnya. Sebagai orang tua, tidak seharusnya menjadikan nilai dan prestasi sebagai patokan dalam mendukung perkembangan anak. Akan lebih baik jika orang tua lebih fokus kepada perkembangan anak dibandingkan dengan melihat prestasi dan nilai anak yang ada di sekolah saja. Daripada memberikan iming-iming uang, orang tua baiknya melakukan dan mengucapkan hal berikut ini. 1. Daripada memberikan iming-iming, ada baiknya memberikan dukungan. Dukungan yang diberikan akan dapat memotivasi anak dalam jangka panjang daripada memberikan iming-iming uang, karena hanya akan membuat anak berorientasi pada uang saja. Kalimat yang bisa disampaikan, contohnya: ""Wah PR kamu tinggal sedikit lagi ya? Ibu temani di samping kamu ya."" ""Keren banget! kamu sudah berusaha maksimal buat menyelesaikan PR nya tepat waktu."" ""Susah ya PR nya? Istirahat dulu sebentar nggak apa-apa."" Kalimat seperti ""jangan banyak main HP!"" mungkin sudah tidak asing lagi terdengar. Pasalnya, hampir semua orang tua pasti pernah mengatakan hal tersebut kepada anak mereka. Namun, tahu tidak, perkataan seperti itu sama saja dengan tidak menghargai cara seorang anak dalam mendiami dunia sosial. Media sosial dan game adalah cara anak-anak dalam melepaskan penat setelah menjalani berbagai aktivitas setiap harinya. Memang benar, bermain handphone terlalu lama juga tidak baik. Tapi ada baiknya mengatakannya dengan perkataan yang tidak seperti menyudutkan. Berikut ini beberapa perbuatan atau perkataan baik yang bisa disampaikan: 1. Tunjukkan pengaruh diri sebagai orang tua dengan menunjukkan ketertarikan mengenai hal-hal yang menarik minat anak. Coba tanyakan kepada anak-anak seputar kegemaran mereka seperti: 2. Beri alasan yang jelas kenapa anak-anak harus mematikan atau menyerahkan handphone mereka. Seperti contohnya: ""Ibu lihat, kamu nggak sempat buat luangin waktu biar bisa main sama ibu. Apa kamu mau pergi ke suatu tempat yang kamu suka? Kita bisa pergi ke perpustakaan buat baca buku kalau kamu mau."" 3. Membimbing anak-anak lebih dari sekedar memonitor saja. Seperti contohnya mengatakan: ""Kira-kira berapa lama lagi waktu yang kamu butuhin buat nyelesain PR? Ibu nggak melarang kamu buat berhenti main HP. Tapi, ada baiknya kamu pakai HP secara seimbang."" Demikian yang dapat detikEdu sampaikan. Semoga bermanfaat! ",Edu
"Marak Pemberian Gift & 'Saweran' di Live Streaming, Ternyata Ini Dampaknya","Rabu, 15 Nov 2023 19:00 WIB","Media sosial era saat ini memiliki fitur live streaming yang memungkinkan seseorang melakukan siaran langsung dan bisa berkomunikasi via kolom komentar dengan para pemirsanya. Tak hanya mengobrol, ternyata banyak penyiar di media sosial juga mendapatkan hadiah dari penontonnya. Hadiah virtual tersebut bisa berupa koin atau semacamnya yang dibeli dengan uang sungguhan. Hadiah ini diberikan oleh penonton kepada orang yang melakukan live streaming. Biasanya, istilah hadiah ini dikenal dengan gift atau saweran. Beberapa media sosial besar, seperti X, Facebook, YouTube, TikTok dan lainnya sedang tren menyediakan fitur live streaming yang memungkinkan pengguna untuk berinteraksi secara real time dengan pengguna lainnya, sebagaimana dilansir dari EurekAlert. SCROLL TO CONTINUE WITH CONTENT Live streaming tersebut tersedia secara gratis dan menawarkan berbagai fitur pendukung, seperti dapat mengirimkan obrolan atau komen, memberi tanda suka, bahkan kini bisa memberi tip dalam bentuk hadiah virtual. Ketika live streaming, penonton yang memberi komen dan gift dapat diketahui identitasnya oleh yang melakukan live streaming tersebut serta secara publik. Akibatnya, hal itu memengaruhi reaksi emosional penyiar dan penonton lainnya. Tren ini kemudian menjadi objek penelitian oleh Shijie Lu, Profesor Pemasaran Howard J. dan Geraldine F. Korth di Sekolah Tinggi Bisnis Mendoza Notre Dame dari Universitas Notre Dame. Mereka meneliti pertukaran gift melalui platform streaming langsung yang populer di Tiongkok. Dalam platform di Tiongkok tersebut, diketahui orang-orang bisa mendapatkan gift yang besar dengan sebuah pertunjukan menari, menyanyi, dan acara obrolan di streaming mereka. Salah satu streamer Twitch dan YouTuber dengan lebih dari 1 juta pengikut bernama Asian Andy, diketahui telah mendapatkan gift sebesar 16000 dollar AS (sekitar Rp 248 juta) dalam streaming acara tidurnya. ""Penyiar seperti Asian Andy menunjukkan reaksi emosional dan timbal balik terhadap hadiah penonton melalui ekspresi wajah yang mengungkapkan tingkat kebahagiaan mereka. Ekspresi wajah seperti itu yang mendorong lebih banyak hadiah dari penonton,"" kata Lu. ""Selain itu, mungkin kita berpikir tekanan sosial mendorong persaingan dan mendorong penonton untuk lebih banyak memberi hadiah dan komen. Namun kami menunjukkan bahwa penonton benar-benar menghindari kompetisi dan meninggalkan streaming lebih cepat ketika melihat lebih banyak hadiah dari orang lain,"" imbuhnya. Kondisi semacam ini menunjukkan adanya efek crowding out yang mengejutkan terhadap keterlibatan pemirsa, yaitu meningkatnya belanja pemerintah dan menurunkan atau bahkan menghilangkan belanja swasta. Efek ini terjadi karena pemberian tip tidak termasuk jumlah like atau suka. Terlebih lagi efek crowding out ini terlihat ketika memberi tip dalam jumlah besar, kemungkinan hal tersebut memengaruhi status sosialnya. Dalam hal ini, peneliti mengatakan bahwa mengejar status sosial menjadi alasan masuk akal penyebab adanya crowding out. Temuan tim ini dapat membantu platform streaming langsung meningkatkan strategi desain informasi. Untuk memitigasi dampak crowding-out dan menghasilkan lebih banyak uang bagi platform dan lembaga penyiaran. Peneliti menyarankan bahwa streaming langsung yang ramai dapat dibagi menjadi sesi virtual yang lebih kecil dan bersamaan. Sehingga hal ini akan mengurangi persaingan untuk mendapatkan status sosial dengan mengurangi jumlah pemberi tip dalam jumlah besar. ",Edu
"5 Jurusan yang Lulusannya Banyak Dicari, Gajinya Bisa Tembus 3 Digit","Rabu, 15 Nov 2023 18:45 WIB","Prospek karir yang menjanjikan dapat ditentukan oleh jurusan kuliah yang dipilih. Karena itu, ada baiknya untuk mempertimbangkan jurusan yang hendak diambil dengan cermat. Dilansir Investopedia, jurusan kuliah bisa dianggap sebagai investasi masa depan. Di mana ilmu dan gelar berharga yang diperoleh nantinya dapat memberikan karir bagus berjangka panjang serta memungkinkan untuk meningkatkan penghasilan yang diterima. Kalau ingin investasi itu membuahkan hasil maka bisa dimulai dengan mempertimbangkan untuk memilih jurusan kuliah yang paling banyak dicari di masa depan. Lantaran seiring perkembangan zaman, sejumlah pekerjaan akan ada yang tergeser dan digantikan dengan profesi baru lainnya. SCROLL TO CONTINUE WITH CONTENT Lantas, jurusan kuliah apa saja yang memiliki prospek karir bagus di masa mendatang? Ada beberapa jurusan kuliah yang lulusannya banyak dicari dan punya prospek kerja yang baik di masa mendatang. Berikut daftarnya: Menurut laporan The Future of Jobs Report 2023 oleh World Economic Forum (WEF), ahli artificial intelligence (AI) atau kecerdasan buatan merupakan tenaga kerja yang paling banyak dicari sampai tahun 2027 mendatang. Di Indonesia, sejumlah kampus sudah membuka jurusan yang mengarah langsung pada bidang kecerdasan artifisial ini. Seperti jurusan S1 Rekayasa Kecerdasan Artifisial di Institut Teknologi Sepuluh Nopember (ITS), S1 Teknik Robotika dan Kecerdasan Buatan di Universitas Airlangga (Unair), S1 Artificial Intelligence di Universitas Bina Nusantara (Binus), hingga S2 Kecerdasan Artifisial di Universitas Gadjah Mada (UGM). Nantinya, ahli kecerdasan artifisial bisa bekerja sebagai AI and Machine Learning Specialist yang digaji hingga Rp 25 juta per bulannya, tergantung keahlian dan pengalaman yang dimiliki. Mempelajari bidang AI di perguruan tinggi juga dapat mengambil jurusan kuliah Ilmu Komputer. Sejumlah kampus di Indonesia baik negeri maupun swasta juga telah banyak membuka jurusan satu ini. Selain berprofesi ahli AI, lulusan Ilmu Komputer juga bisa berkarir menjadi Data Scientist hingga Software Engineer. Menurut WEF, karir di bidang data analyst juga sangat dibutuhkan hingga beberapa tahun ke depan mengingat kini berada di era big data. Penghasilan yang akan diperoleh seorang Data Analyst and Scientist bergantung pada pengalaman serta keahliannya. Untuk level pemula gaji yang didapat kisaran Rp 6 juta - Rp 28 juta per bulan. Untuk yang mengambil jurusan kuliah Manajemen Bisnis bisa berkarir sebagai Business Development nantinya. Dilaporkan, ahli di bidang ""Biz Dev"" akan banyak dibutuhkan sampai tahun 2027 nanti. Jurusan Manajemen Bisnis bisa ditemukan pada sejumlah kampus di Indonesia. Menurut Times Higher Education World University Rankings (THE WUR) 2023, beberapa universitas di Indonesia yang punya jurusan bisnis dan manajemen terbaik, seperti Universitas Indonesia (UI), Institut Teknologi Bandung (ITB), Unair, UGM, dan Binus. Karir seorang Business Development di Indonesia bisa memperoleh rata-rata gaji sampai Rp 72 juta per tahunnya. WEF melaporkan bahwa profesi Industrial and Production Engineers bakal paling dicari oleh sejumlah perusahaan dalam 5 tahun mendatang. Untuk berkarir di bidang ini, jurusan kuliah yang dapat dipilih yaitu Teknik Industri. Sejumlah kampus di Indonesia juga sudah banyak membuka jurusan kuliah satu ini. Menurut EduRank, universitas dengan jurusan Teknik Industri terbaik yakni di ITB, ITS, Universitas Sebelas Maret, Binus, dan UI. Ahli Industrial and Production Engineers di Indonesia diperkirakan akan mendapat gaji mencapai Rp 70 juta lebih per tahunnya, tergantung keahlian dan masa kerjanya. Dalam laporan WEF, ahli bidang keamanan siber dan data akan banyak dicari oleh sejumlah perusahaan hingga 2027 mendatang. Profesi yang cocok untuk bidang ini antara lain Information Security Analysts. Jurusan kuliah Cyber Security sudah bisa ditemukan di sejumlah kampus di Indonesia, seperti Universitas Surabaya (Ubaya), Binus, hingga Universitas Telkom. Profesi spesialis Cyber and Information Security di Indonesia disebutkan mendapatkan gaji rata-rata sebesar Rp 121 juta per tahunnya. Nominal gaji segini tentu saja tergantung masa kerja dan keahlian yang dimiliki. Itu dia sederet jurusan kuliah yang lulusannya paling banyak dicari dan memiliki prospek karir yang bagus di masa depan. So, tertarik ambil jurusan kuliah yang mana nih? ",Edu
RI - Singapura Kolaborasi Riset Perubahan Iklim Melalui Program Inspirasi,"Rabu, 15 Nov 2023 18:30 WIB","Kementerian Pendidikan, Kebudayaan, Riset, dan Teknologi (Kemendikbudristek) melalui Direktorat Jenderal Pendidikan Tinggi, Riset, dan Teknologi (Diktiristek) gandeng Nanyang Technological University (NTU) Singapura dan empat kampus Indonesia luncurkan program kolaborasi riset untuk hadapi perubahan iklim dan pembangunan berkelanjutan. Program ini bernama Indonesia NTU Singapore Institute of Research for Sustainability and Innovation (Inspirasi). Inspirasi disebutkan sebagai program kolaborasi riset selama lima tahun yang ikut melibatkan Universitas Gadjah Mada (UGM), Universitas Indonesia (UI), Institut Teknologi Bandung (ITB), dan Institut Teknologi Sepuluh Nopember (ITS). Menteri Pendidikan Singapura, Chan Chun Sing, memberikan apresiasi dengan hadirnya Inspirasi sebagai langkah penting Indonesia dan Singapura dalam perihal perubahan iklim. Karena menurutnya perubahan iklim adalah ancaman yang nyata. SCROLL TO CONTINUE WITH CONTENT Terlebih Indonesia dan SIngapura merupakan negara yang berada di wilayah pesisir dan dataran rendah. Sehingga rentan akan potensi cuaca ekstrem dan kenaikan permukaan laut. ""Peluncuran Indonesia-NTU Singapore Institute of Research for Sustainability and Innovation merupakan momentum penting dalam kerja sama bilateral kedua negara dalam upaya memitigasi perubahan iklim dan tujuan pembangunan berkelanjutan. Saya yakin Inspirasi menjadi langkah besar menghadapi isu pembangunan berkelanjutan di masa depan,"" ujar Chan dalam keterangan tertulis dikutip Rabu (15/11/2023). Di kesempatan yang sama, Menteri Pendidikan, Kebudayaan, Riset, dan Teknologi (Mendikbudristek), Nadiem Anwar Makarim berharap program Inspirasi bukan hanya sekedar inisiatif riset. Tapi, juga bisa tingkatkan kualitas pendidikan hingga memberi dampak besar bagi masyarakat. Melalui Inspirasi, NTU Vice President (Industry) dan Co-Chair Inspirasi Governing Board, Lam Khin Yong mengatakan tantangan dan mitigas perubahan iklim bisa terlaksana. Terlebih hadirnya empat institusi riset terkemuka di Indonesia yang ikut ambil peran. Nantinya, akan ada kerja sama lebih lanjut terkait penelitian transnasional antara kampus, lembaga penelitian, mitra industri, dan usaha kecil dan menengah (UKM) dari Singapura dan Indonesia. Untuk program flagship Inspirasi, Lam Khin Yong menyatakan akan hadirnya Renewable Energy Integration Demonstrator Indonesia (REIDI). REIDI adalah tempat pusat yang akan menyatukan kampus dan mahasiswa dari kedua negara, baik dalam proses manajemen dan penelitian untuk menguji solusi energi berkelanjutan yang efektif secara biaya. REIDI akan dibangun di kampus ITS Surabaya bersama dengan NTU. Modelnya akan mengacu kepada model REID-S Semakau. Selama penyelenggaraannya selama lima tahun di fase pertama, Inspirasi memiliki tiga pilar utama yang menyasar isu-isu strategis dalam topik perubahan iklim dan pembangunan berkelanjutan. Ketiga pilar tersebut adalah renewable energy, circular economy, dan smart cities. Rektor Nanyang Technological University of Singapore, Ho Teck Hua juga menyatakan pihaknya tidak menutup kemungkinan peluang hadirnya pertukaran pelajar dan berbagi pengetahuan antara Singapura dan Indonesia. ""Kami harap dengan banyaknya pertukaran antar profesor, peneliti, dan mahasiswa, bersama-sama kita akan membangun pusat talenta multidisipliner untuk generasi pemimpin berikutnya,"" tambahnya. Dengan demikian, Inspirasi diharapkan bisa menjadi kolaborasi lintas sektor yang melibatkan mitra industri dan pemangku kepentingan baik dalam dan luar negeri. Sehingga, Inspirasi adalah jembatan yang nyata antara dunia akademis, industri, dan masyarakat dalam mewujudkan solusi pembangunan berkelanjutan masa depan. ",Edu
Classy Yamaha Youth Festival Berbagi Tips Fesyen ke Siswa SMAN 6 Jakarta,"Rabu, 15 Nov 2023 18:14 WIB","Keseruan Classy Yamaha Youth Festival hari ketiga berlanjut di SMAN 6 Jakarta. Pada kegiatan ini, siswa SMAN 6 berkesempatan untuk mendapatkan materi mengenai tips agar tetap fashionable di sekolah dan juga tips safety riding. Selain itu, ada juga kegiatan kuis interaktif, cerdas cermat, hingga test ride motor terbaru Yamaha untuk para siswa-siswi SMAN 6 Jakarta. Dalam kegiatan ini terdapat Influencer yang hadir yakni Miss Chinese Indonesia 2022 sekaligus Miss Chinese World Indonesia 2023 Kimberlyn Sugianto. Miss Kim, sapaan akrab Kimberlyn Sugianto, memberikan tips agar siswa-siswi SMAN 6 tetap tampil fashionable dengan menggunakan produk terbaru Yamaha, yaitu Fazzio dan Grand Filano. SCROLL TO CONTINUE WITH CONTENT ""Fashionable itu seringkali kita mikirnya harus trendi, up to date, mahal, gonta ganti gitu kan. Tapi menurut saya, fashionable itu ga harus kaya gitu, fashionable itu yang tampil berdasarkan apa yang cocok buat diri kita dan bisa menggambarkan diri kita dan nyaman,"" kata Miss Kim di rangkaian acara roadshow school to school Classy Yamaha Youth Festival di SMAN 6 Jakarta, Rabu (15/11/2023). Miss Kim juga memberikan tips pentingnya memilih warna sesuai keinginan untuk tetap fashionable saat berkendara menggunakan Yamaha Fazzio dan Grand Filano.  ""Kita bisa dengan memilih warna ya yang pertama, warna motor yang sesuai dengan karakter kita, nah kebetulan di Grand Filano dan Fazzio itu warnanya banyak banget, ada biru, ada putih, bahkan ada yang silver, ada yang glossy. Jadi penting banget buat gen z yang pengen segala sesuatu sesuai keinginan dia, di sini ada,"" ungkapnya. ""Dan juga kita juga bisa loh pake helm yang udah custom nih ada gambarnya, jadi pasti selalu keren ga cuma lagi jalan tapi lagi di jalan juga tetap keren,"" lanjutnya. Lebih lanjut, Miss kim juga memberi tips untuk menjaga perawatan kulit dan menggunakan sunscreen ketika berkendara di siang hari. ""Untuk temen-temen wajib ya untuk menjaga perawatan kulit, karena kalo kita ke sekolah kita wajib untuk menggunakan pakaian seragam itu sesuai peraturan yang ada di sekolah. Sehingga untuk tampil fashionable jadi lebih terpancarkan muka kita. Kemudian juga wajib untuk menggunakan sunscreen, kalo kita main di lapangan itu panas, nanti jadi kusam. Nah yang penting karena kita masih di sekolah, harus rajin dan semangat untuk sekolah,"" terangnya. Sementara itu, Koordinator Promosi Area Jabodetabek Fajar Afriansyah memberikan tips Safety Riding bagi pengendara motor.  ""Tips safety riding buat temen-temen wajib hukumnya pake helm, jaket, celana panjang, sepatu. Karena safety riding itu kita harus preventif yah, mencegah terjadinya kecelakaan, minimal kita sudah prepare gitu,""ujarnya. ""Temen-temen perlu diingat ya, kalo nanti bapak ibunya juga pergi bareng adek-adek di sini, pake juga safety riding ya, wajib juga diingatkan,"" pungkasnya. Untuk persiapan puncak kegiatan Classy Yamaha Youth Festival di Jakarta, SMAN 6 pun tentunya sudah mempersiapkan tim basket, voli, dance, dan juga Miss Classy untuk tampil di Grand Final School Competition pada 26-28 November mendatang. Para siswa pun sangat antusias dan membeberkan persiapan tiap tim untuk melawan SMA lain nantinya. Sebagai informasi, selama festival ini peserta akan mendapatkan pengalaman yang menarik dan bisa merasakan berkendara dengan Yamaha Fazzio dan Yamaha Grand Filano, motor yang memiliki stylish design, smart feature dan modern technology. Bagi peserta yang antusias dengan fashion juga jangan khawatir karena dalam acara ini terdapat Miss Classy dan OOTD terbaik dengan berbagai hadiah. Keseruan Classy Yamaha Youth Festival masih akan mengunjungi beberapa SMA di Jakarta sebelum menuju puncak acara Grand Final School Competition pada 26-28 November 2023 di GOR Bulungan, Jakarta Selatan.  ",Edu
"Arkeolog Temukan Kerangka Manusia Tertua di Vietnam, Usianya 10 Ribu Tahun","Rabu, 15 Nov 2023 18:00 WIB","Tim arkeolog berhasil menemukan fosil kerangka manusia tertua di Vietnam yang berusia 10.000 tahun. Temuan ini berisi tiga kuburan anak-anak dan orang dewasa. Direktur Departemen Kebudayaan, Olahraga, dan Pariwisata Provinsi Ha Nam, Mai Thanh Chung, menyatakan bahwa fosil kerangka manusia telah ditemukan oleh Institut Arkeologi Vietnam di Kompleks Pagoda Tam Chuc Distrik Kim Bang pada Maret 2023 lalu. ""Ini adalah pertama kalinya sisa-sisa manusia berumur 10.000 tahun yang ditemukan di Vietnam,"" kata Chung dikutip dari VN Express. SCROLL TO CONTINUE WITH CONTENT Diketahui, dalam tiga kuburan anak-anak dan orang dewasa tersebut, terdapat kerangka yang ditemukan dalam kondisi berlutut. Adapun selain fosil kerangka, para arkeolog juga menemukan cangkang moluska dan tulang gigi hewan kecil di lubang penggalian. Kemungkinan cangkang dan gigi tersebut dulunya merupakan sumber makanan bagi manusia purba. Dalam temuannya, tim Institut Arkeologi Vietnam juga menemukan kembali sisa-sisa paleontologi prasejarah dan budaya material, seperti fosil hewan serta pecahan tembikar tali berwarna coklat kemerahan dari budaya Dong Son di gua Kim Bang. Dong Son merupakan kebudayaan zaman perunggu di Vietnam kuno yang berpusat di lembah Sungai Merah pada wilayah Vietnam Utara. Kebudayaan tersebut ada sejak tahun 1.000 SM hingga abad pertama Masehi. Sedangkan di kompleks Tam Chuc, para arkeolog menemukan cangkang moluska laut dan siput sungai. Di puncak gunungnya, mereka menemukan potongan tembikar di sekitar potongan moluska. Peneliti mengatakan, peninggalan di wilayah Distrik Kim Bang ini banyak yang berasal dari zaman Pleistosen akhir hingga Holosen akhir atau sekitar 1.0000 sampai 12.000 tahun yang lalu. Atas penemuan ini, para peneliti menarik kesimpulan bahwa distrik tersebut kemungkinan menjadi daerah yang dihuni oleh banyak penduduk pada zaman dahulu. Laporan Asian Archaeology menjelaskan bahwa penemuan ini sangat penting untuk memberikan wawasan yang belum pernah ada mengenai kehidupan manusia prasejarah di Asia Tenggara. Hal ini juga membuka babak baru mengenai sejarah manusia purba. ",Edu
"Ini Riko Rahmad, Wisudawan Terbaik UM yang Lulus dengan 5 Beasiswa","Rabu, 15 Nov 2023 17:30 WIB","Perkenalkan ini Riko Rahmad Adriansyah, satu-satunya lulusan yang berhasil jadi wisudawan terbaik di bidang non-akademik pada wisuda Universitas Negeri Malang (UM) ke-123 yang digelar Minggu (12/11/2023) lalu di Graha Cakrawala, UM. Lulusan program studi S1 Administrasi Pendidikan ini dikenal sebagai sosok yang memiliki banyak prestasi non-akademik hingga penerima banyak beasiswa. Bagaimana tidak, sosok yang akrab dipanggil Ajo ini mengantongi lima beasiswa selama kuliahnya loh, begini kisahnya. Riko menjelaskan selama kuliah ia mengantongi lima beasiswa, yakni Kartu Indonesia Pintar (KIP), Smart Scholarship, Bright Scholarship, Student International Research Outbound Mobility (SIROM) dan Bridging Course dari Dikti. SCROLL TO CONTINUE WITH CONTENT Beasiswa terbesarnya adalah beasiswa KIP yang ia dapatkan sejak mahasiswa baru hingga lulus kuliah. Memang, beasiswa ini adalah bantuan pendidikan yang diberikan UM agar mahasiswa bisa memanfaatkannya untuk berprestasi. Melalui beasiswa ini, juga merupakan wadah bagi mahasiswa untuk terus berproses. Hal tersebutlah yang juga ikut dirasakan Riko. ""Alhamdulillah saya difasilitasi beasiswa KIP ini dimulai dari saya menjadi mahasiswa baru sampai semester delapan. Saya merasa beasiswa KIP bukan hanya sekedar pendanaan bagi mahasiswa tetapi juga sebagai pendorong moralitas untuk senantiasa berproses,"" jelasnya dikutip dari rilis di laman UM, Rabu (15/11/2023). Berawal dari beasiswa, Ajo Riko, demikian panggilan akrabnya, menjadi sosok yang terus berproses selama perkuliahan. Termasuk dalam bidang non akademik, di mana ia menjuarai berbagai kompetisi. Seperti yang terbaru yakni Gold Medal: World Invention Competition and Exhibition Tahun 2021, Silver Medal: World Invention Competition and Exhibition Tahun 2022 dan Student Exchange: Student International Riset Outbound Mobility (SIROM) at Universiti Putra Malaysia Tahun 2023. Dengan keberhasilan ini, ia mengaku sangat beruntung dan bersyukur. Baginya, prestasi non-akademik ni sangat berpengaruh dalam pengembangan skill dan potensinya. ""Tentu, banyak kompetisi yang telah saya ikuti di antaranya lomba debat, lomba karya tulis ilmiah, konferensi, pertukaran mahasiswa, kompetisi mahasiswa berprestasi dan masih banyak lagi, yang mana hal itu menuntut saya terus memberikan dedikasi semaksimal mungkin untuk dapat achieve goals di masa mendatang,"" ujarnya lebih lanjut. Tak hanya di bidang kompetisi, Riko juga termotivasi untuk membagikan ilmu yang ia miliki dengan banyak pengikutnya di media sosial. Menurutnya, langkah ini memiliki nilai manfaat dan kebaikan yang bila dilakukan secara berkelanjutan bisa berdampak kepada masyarakat. ""Saya pun kini juga aktif sebagai influencer untuk berbagi konten informasi dan motivasi di sosial media instagram. Konten-konten itu saya bagikan melalui feed hingga story Instagram,"" tuturnya. Berbagai kegiatan lain yang dilakukan Riko saat berkuliah adalah menjadi mentor public speaking di MA Nurul Ulum, Tutor for English Intermediate Class at Discite Institute, tentor karya tulis ilmiah di SMPN 15 Malang. Langkah ini sebagai kontribusi dan dedikasinya dalam pengabdian dan menyebarkan manfaat kepada masyarakat. Terakhir, Riko ikut berpesan kepada mahasiswa UM agar mampu terus termotivasi untuk meraih prestasi. Menurutnya, tak ada yang salah untuk mencoba setiap kesempatan yang datang tentu dengan persiapan yang matang. ""Ingatlah bahwa kegagalan bukanlah akhir dari segalanya tetaplah mencoba dan terus mencoba untuk menggapai impian kalian, tulislah impian kalian di secarik kertas dan yakinlah bahwa seiring berjalannya waktu satu persatu mimpi tersebut akan menjadi nyata. See you on Top!,"" tutup Riko. ",Edu
"RI Jadi Negara Pertama yang Punya Area Khusus di Markas Besar UNESCO, Ini Namanya","Rabu, 15 Nov 2023 17:00 WIB","Jalan Nusantara atau the Archipelago Street telah diresmikan di Markas Besar UNESCO di Paris, Prancis, pada Senin, 13 November 2023. Peresmian itu dihadiri sejumlah Duta Besar, Sekretariat UNESCO serta delegasi pusat negara-negara yang menghadiri Konferensi Umum UNESCO ke-42 pada 7-22 November 2023. Dalam peresmian tersebut, Duta Besar Mohamad Oemar yang merupakan Delegasi Tetap RI untuk UNESCO, menegaskan komitmen Indonesia dalam pelestarian benda budaya melalui UNESCO. Ia mencontohkan salah satu wujud pelestarian itu adalah melalui Jalan Nusantara. ""Sebagai negara kepulauan terbesar di dunia, sejarah Indonesia terjalin erat dengan keanekaragaman lingkungan hidup, pertukaran budaya, dan pluralisme agama, yang terlihat dari banyaknya situs warisan budaya dan alam yang tersebar di seluruh Nusantara"", ujarnya dalam laman Kementerian Luar Negeri RI dikutip Rabu (15/11/2023). SCROLL TO CONTINUE WITH CONTENT Dalam kesempatan yang sama, Hilmar Farid selaku Direktur Jenderal Kebudayaan, Kementerian Pendidikan, Kebudayaan, Riset, dan Teknologi menekankan bahwa warisan budaya di Indonesia merupakan cerminan dari nilai-nilai yang dilestarikan untuk generasi mendatang. Ia menyampaikan jika sebagian dari keragaman warisan budaya di penjuru kepulauan Indonesia tercermin dalam Jalan Nusantara. Indonesia mengundang negara-negara anggota UNESCO untuk menjelajahi warisan budaya tersebut. Indonesia merupakan negara anggota UNESCO pertama yang memiliki area khusus untuk memamerkan benda seni budayanya di Markas Besar UNESCO. Jalan Nusantara akan menjadi area permanen di Markas Besar UNESCO selama lima tahun ke depan. Jalan Nusantara menekankan makna penting warisan budaya Indonesia hingga ke masa mendatang. Penataan benda budaya ini akan menjadi percontohan dan diharapkan kedepan akan diikuti negara-negara anggota UNESCO lain. Jalan Nusantara merupakan area khusus di Markas Besar UNESCO yang didedikasikan sebagai ruang pameran 11 benda seni sumbangan Pemerintah Indonesia ke UNESCO. Seperti diketahui, United Nations Educational, Scientific and Cultural Organization (UNESCO) merupakan lembaga PBB yang berfokus pada bidang pendidikan, sains, dan kebudayaan. Terdapat sebelas benda budaya yang ditampilkan, di antaranya: 1. Replika tengkorak manusia purba2. Maket Borobudur3. Maket Prambanan4. Relief Samudra Raksa5. Lukisan Kematian Kumbakarna karya Nyoman Mandra6. Garuda Wisnu Kencana karya Nyoman Nuarta7. Souvenir perak Borobudur8. Patung pemain Seruling9. Angklung robot karya Eko Mursito Selain itu, terdapat peta dan inventaris digital dari keseluruhan 66 warisan budaya dan alam UNESCO di Indonesia. ",Edu
"Stir-Fry, Teknik Memasak yang Mengandalkan Api Panas Terkenal di Negara Mana?","Rabu, 15 Nov 2023 16:45 WIB","Tahukah kalian teknik memasak yang mengandalkan api panas terkenal di negara mana? Teknik memasak yang dimaksud adalah stir-fry atau yang berarti menumis. Simak jawabannya di bawah ini. Salah satu teknik memasak yang mengandalkan api panas adalah stir-fry yaitu menumis dengan cepat di suhu tinggi. Teknik memasak yang mengandalkan api panas tersebut terkenal di negara China atau Tiongkok. SCROLL TO CONTINUE WITH CONTENT Dikutip dari laman Uwajimaya, menumis adalah teknik memasak asal China sejak sekitar 1.500 tahun yang lalu, atau bahkan lebih. Sekitar 400 tahun yang lalu, menumis menjadi populer di China sebagai cara memasak makanan dengan cepat dan sedikit bahan bakar. Menumis harus menggunakan wajan yang sangat panas. Di China, wajan ini dikenal dengan sebutan wok. Menumis hanya membutuhkan sedikit minyak dengan titik asap tinggi dan harus segera disajikan. Wok adalah wajan berbentuk melengkung. Bentuk ini sangat ideal untuk konduktor panas. Menumis dilakukan dengan membolak-balikkan bahan-bahan agar tidak gosong. Sehingga bentuk wajan ini membantu agar masakan tidak mudah jatuh. Dengan wajan ini, koki terampil juga sering melakukan atraksi melempar-lemparkan masakan hingga seperti terbang. Menumis membuat makanan tetap bisa mempertahankan teksturnya. Dikutip dari laman China Highlights, menumis membutuhkan beberapa peralatan, yaitu wok atau wajan melengkung, spatula untuk wok, dan kompor gas. Meski kompor listrik bisa dipanaskan dengan suhu tinggi, yang terbaik tetap menggunakan api. Bahan-bahan makanan yang dimasak dengan cara menumis biasanya menggunakan kombinasi daging atau binatang laut, sayuran, dan tahu. Semua bahan diiris tipis atau dipotong dadu. Daging atau seafood diberi bumbu kecap asin, garam, dan bumbu lainnya. Langkah-langkah menumis adalah sebagai berikut: Demikian tadi telah kita jawab pertanyaan teknik memasak yang mengandalkan api panas terkenal di negara mana? Teknik stir-fry atau menumis ini berasal dari China. Telah kita ketahui pula sejarah dan cara menumis. Semoga bermanfaat. ",Edu
Berapa Lama Tes SKD CPNS Berlangsung? Ini Panduan Lengkapnya,"Rabu, 15 Nov 2023 16:30 WIB","Pelaksanaan Seleksi Kompetensi Dasar (SKD) CPNS 2023 tengah berlangsung hingga tanggal 18 November 2023. Sebagai ujian tahap awal, peserta akan menyelesaikan berbagai soal tes yang terdiri dari Tes Wawasan Kebangsaan (TWK), Tes Intelegensia Umum (TIU) dan Tes Karakteristik Pribadi (TKP). Tak secara bebas, setiap peserta memiliki batas waktu ujian sesuai dengan ketentuan yang ditetapkan dalam Keputusan Menteri Pendayagunaan Aparatur Negara dan Reformasi Birokrasi (KepmenpanRB) Nomor 651 Tahun 2023 tentang Nilai Ambang Batas Seleksi Kompetensi Dasar Pengadaan PNS Tahun Anggaran 2023. Dijelaskan tes SKD dilaksanakan dalam waktu 100 menit untuk 110 soal dari ketiga materi yakni TWK, TIU, dan TKP, dengan rincian: SCROLL TO CONTINUE WITH CONTENT Meski begitu, KepmenpanRB juga menjelaskan durasi waktu tersebut dikecualikan bagi penyandang disabilitas sensorik netra pada kebutuhan khusus penyandang disabilitas. Peserta yang tergolong dalam ketentuan ini memiliki durasi tes selama 130 menit dengan beban pengerjaan soal yang sama. Sedangkan nilai kumulatif paling tinggi dalam tes SKD sebesar 550 poin, dengan rincian: Nilai tersebut didapat dari pembobotan nilai di mana materi soal TIU dan TWK memiliki bobot jawaban benar bernilai 5 dan salah satu tidak menjawab bernilai 0. Selanjutnya untuk materi TKP memiliki bobot jawaban benar bernilai paling rendah 1 dan paling tinggi 5, serta tidak menjawab bernilai 0. Peserta SKD bisa dinyatakan lolos dan melanjutkan ke tahap selanjutnya bila melewati passing grade CPNS 2023. Nilai ambang batas yang ditentukan KepmenpanRB Nomor 651 Tahun 2023, yaitu: Selain memenuhi nilai ambang batas, syarat kedua peserta bisa lolos SKD CPNS adalah memenuhi ketentuan jumlah peserta. Dikutip dari detikfinance melalui PermenPAN-RB Nomor 28 Tahun 2021 dijelaskan bila peserta harus berada pada batas tiga kali jumlah kebutuhan jabatan. Sebagai contoh, kebutuhan jabatan memiliki jumlah peserta 100 orang. Maka peserta yang berhak lolos ke tahap SKB CPNS adalah mereka yang berada di peringkat 1-300. Bila peserta memiliki nilai SKD CPNS yang sama dan berada pada batas tiga kali jumlah kebutuhan, maka penentuan kelulusan ditentukan berdasarkan nilai secara berurutan. Dilihat berdasarkan nilai TKP, TIU, dan juga TWK. Itulah penjelasan selengkapnya tentang waktu pengerjaan SKD CPNS beserta kriteria kelulusannya. Semoga berhasil detikers! ",Edu
20 Contoh Soal Seleksi Kompetensi PPPK Guru 2023 Lengkap dengan Jawaban Part 2,"Rabu, 15 Nov 2023 16:00 WIB","Detikers akan menjalani tahap seleksi kompetensi PPPK guru tahun ini? Agar lebih siap, kamu bisa berlatih mengerjakan contoh soal seleksi kompetensi PPPK guru 2023 berikut ini. Semua pelamar yang lolos tahap seleksi administrasi akan mengikuti tahapan ini pada 10 November - 4 Desember 2023. Tahapan ini berupa ujian kompetensi pelamar dalam hal keterampilan, penguasaan pengetahuan, kemampuan sosial kultural, dan lainnya. Lebih jelasnya, materi dalam seleksi kompetensi PPPK 2023 telah dijabarkan dalam Keputusan MenPAN-RB atau KepmenPAN-RB Nomor 649 Tahun 2023. Soal yang diujikan berisi materi tentang kompetensi teknis, kompetensi manajerial, dan kompetensi sosial kultural calon guru. SCROLL TO CONTINUE WITH CONTENT Mengutip buku buku Paten Tes PPPK Tenaga Pendidik oleh Siti Khalimatussa'diyah dan Wahyu Dwi Herawati, berikut adalah contoh soal seleksi kompetensi PPPK guru 2023 beserta jawabannya:  1. Yang bukan termasuk komponen dari Rencana Pelaksanaan Pembelajaran adalah... A. Metode pembelajaranB. Kompetensi dasarC. Materi ajarD. SilabusE. Alokasi waktu Jawaban: D 2. Biasanya guru akan melakukan penelitian tindakan kelas. Hal tersebut bertujuan untuk... A. Mengevaluasi kinerja guru agar lebih baikB. Mengetahui karakteristik siswa di kelasC. Agar guru dapat mendapatkan poinD. Untuk pemeringkatan sekolahE. Meningkatkan kualitas pembelajaran di kelas Jawaban: E 3. Berikut yang bukan merupakan teknik penilaian siswa sesuai Badan Nasional Standar Pendidikan (BNSP) adalah... A. ObservasiB. WawancaraC. Penilaian diriD. Tes tertulisE. Penilaian kelompok Jawaban: E 4. Yang termasuk ke dalam kode etik profesi guru di bawah ini adalah... A. Berbakti membimbing siswa sehingga berjiwa PancasilaB. Menjalankan hak dan wewenang dari sekolahC. Menjunjung integritas antara guru dan siswaD. Mengabdi untuk masyarakatE. Berperilaku sebagai warga negara Jawaban: A 5. Perangkat mata pelajaran dan program pendidikan yang diberikan oleh suatu lembaga penyelenggara pendidikan yang berisi rancangan pelajaran yang akan diberikan kepada peserta pelajaran dalam satu periode disebut... A. KurikulumB. SilabusC. Rancangan pembelajaranD. Standar kompetensiE. Kompetensi dasar Jawaban: A 6. Dorongan bersifat alamiah yang melekat pada diri tiap manusia termasuk siswa disebut.. A. KodratB. TakdirC. NaluriD. PerangaiE. Bakat Jawaban: C 7. Prinsip dalam penyusunan kurikulum yang harus menitikberatkan pada kesinambungan aspek, materi, dan bahan kajian dinamakan... A. EfektivitasB. EfisiensiC. KontinuitasD. RelevansiE. Fleksibilitas Jawaban: C 8. Yang bukan komponen dari silabus adalah.. A. Kompetensi dasarB. IndikatorC. Pembelajaran dan penilaianD. Tujuan pembelajaranE. Sumber belajar Jawaban: D 9. Penyampaian materi lewat ceramah guru termasuk jenis komunikasi.. A. Satu arahB. Dua arahC. BilateralD. MultilateralE. Timbal balik Jawaban: A 10. Guru dapat meminta siswa untuk mempresentasikan proses pembentukan ikatan kimia, hingga membuat kesimpulan. Kegiatan tersebut merupakan... A. EksplorasiB. ElaborasiC. EvakuasiD. KonfirmasiE. Penutup Jawaban: D 11. Penilaian siswa yang berdasarkan pada psikomotor menggunakan metode... A. Soal jawaban singkatB. Soal pilihan gandaC. Soal uraian objektifD. KriteriaE. Tes performa Jawaban: E 12. Berikut ini yang tidak termasuk ke dalam 18 karakter dalam pendidikan karakter adalah.. A. ReligiusB. ToleransiC. Hidup penuh rasa syukurD. MandiriE. Kreatif Jawaban: C 13. Kemampuan guru dalam bergaul dan berkomunikasi dengan guru lain maupun siswa disebut kompetensi.. A. PedagogikB. AndagogiC. ProfesionalD. SosialE. Kepribadian Jawaban: D 14. Yang tidak boleh menjadi komite sekolah adalah... A. Pendidikan dan tenaga pendidik di sekolahB. Penyelenggara sekolahC. Pemerintah desaD. Forum koordinasi pimpinan kecamatanE. Orang tua wali murid Jawaban: E 15. Pendidikan anak usia dini (PAUD) termasuk jalur pendidikan... A. Semi formalB. FormalC. NonformalD. DasarE. Informal Jawaban: C 16. Aspek yang berkaitan dengan perasaan, emosi, sikap, dan derajat penerimaan terhadap sesuatu pada siswa disebut aspek... A. AfektifB. KognitifC. EmotifD. PsikomotorikE. Kepribadian Jawaban: A 17. SKL yang mencakup kompetensi lulusan secara holistik dengan mengacu pada pribadi yang berkemampuan dan tindakan kreatif termasuk ke dalam dimensi... A. SikapB. PengetahuanC. KeterampilanD. PendidikanE. Ilmu Jawaban: C 18. Berikut adalah kelebihan guru mengajar menggunakan teori behavioristik, kecuali... A. Guru terbiasa teliti dan pekaB. Guru dapat membiasakan siswanya belajar mandiriC. Guru dapat mengganti cara mengajar stimulus sehingga mudah mendapat respon siswaD. Dapat melihat kecepatan, spontanitas, dan daya tahan siswaE. Cocok diterapkan bagi guru yang pemalu Jawaban: E 19. Perkembangan kognitif di mana siswa mampu mengkoordinasikan pengalaman sensoriknya terjadi pada tahapan.. A. SensorimotorB. PraoperasionalC. Operasional konkretD. Operasional formalE. Operasional non formal Jawaban: A 20. Berikut yang bukan merupakan bentuk pembelajaran inovatif abad 21 adalah.. A. Kolaborasi siswa dan guruB. Berorientasi HOTSC. Penguatan pendidikan karakterD. Mengintegrasikan teknologi informasi dan komunikasiE. Mengutamakan kemampuan STEAM Jawaban: E Demikian beberapa contoh soal seleksi kompetensi PPPK guru 2023. Semoga bermanfaat. ",Edu
"Rumus Elastisitas Permintaan: Cara Menghitung, Jenis, Faktor, dan Contohnya","Rabu, 15 Nov 2023 15:45 WIB","Dalam bidang ekonomi, kita akan mengenal elastisitas permintaan dan elastisitas penawaran. Arti elastisitas yaitu perbandingan perubahan proporsional dari suatu variabel dengan variabel lainnya. Bisa disebut, elastisitas menjadi pengukur seberapa besar reaksi konsumen (kepekaan) terhadap perubahan harga pada suatu barang atau jasa. Dalam artikel ini, kita akan membahas lebih lanjut tentang elastisitas permintaan, jenis, rumus elastisitas permintaan, hingga penjelasan contoh soal menghitungnya. SCROLL TO CONTINUE WITH CONTENT Dikutip dari materi yang dimuat lmsspada.kemdikbud.go.id, maksud dari elastisitas permintaan adalah suatu pengukuran kuantitatif, untuk menunjukkan sampai di mana besarnya pengaruh perubahan harga atas perubahan permintaan. Sebagaimana bunyi dalam hukum permintaan, ""apabila suatu harga barang menjadi naik, maka kuantitas suatu barang akan menjadi turun dan jika harga suatu barang turun, maka kuantitasnya akan naik."" Saat harga sebuah barang naik, jumlah permintaan terhadap barang tersebut umumnya akan menurun. Sementara, apabila semakin rendah harganya, maka semakin banyak benda itu dibeli. Dalam hal ini, elastisitas permintaan ditunjukkan dengan suatu rasio persen perubahan jumlah permintaan dan persen perubahan harga. Berikut adalah rumus koefisien elastisitas permintaan: Ed = 1/1 x / Atau jika digambarkan sebagai berikut:    Di mana: Barang X memiliki harga Rp 10.000, lalu turun menjadi Rp 5.000. Penurunan harga itu membuat jumlah barang yang diminta berubah dari 5 unit menjadi 8 unit. Hitunglah elastisitasnya! Jawab:   Artinya, barang tersebut mempunyai elastisitas permintaan sebesar 1,2. Jumlah itu termasuk kategori elastisitas elastis. Secara umum, berdasarkan nilai elastisitasnya terdapat 5 jenis elastisitas permintaaan, yaitu: Meskipun telah terjadi perubahan harga, perubahan barang yang diminta tetap sama. Contoh: air dan tanah. Dalam jenis permintaan elastisitas permintaan ini, konsumen akan peka atas perubahan harga 1%, hal ini membuat perubahan barang yang diminta sebesar >1%. Contoh: barang elektronik dan barang mewah. Setiap perubahan harga sebesar 1%, maka akan terjadi perubahan barang yang diminta sebesar 1%. Conntoh: kebutuhan sekunder. Adanya perubahan harga, membuat perubahan barang yang diminta akan selalu berubah-ubah. Di mana, pada inelastis sempurna menggambarkan produk yang sangat peka terhadap perubahan harga. Contoh: Sembako, bahan bakar minyak (BBM). Pada situasi ini, konsumen kurang peka dengan perubahan harga sebesar 1%, sehingga hal ini membuat perubahan barang yang diminta sebesar <1%. Contoh: kebutuhan primer, seperti makanan, pakaian, dan lain sebagainya. Bagi produsen, pengetahuan terkait elastisitas permintaan digunakan untuk menjadi pedoman tentang seberapa besar ia harus mengubah harga produknya. Di mana, hal ini akan sangat berkaitan dengan seberapa besar penerimaan penjualan yang akan didapatkannya. Misal, anggaplah biaya produksi suatu barang meningkat, sehingga seorang produsen harus terpaksa menaikkan harga jual produknya. Itulah tadi pengertian dan rumus elastisitas permintaan beserta contoh soal dan cara mengerjakannya. Selamat belajar! ",Edu
"Link Pendaftaran PMM 4 Beserta Tahapannya, Mahasiswa Catat!","Rabu, 15 Nov 2023 15:30 WIB","Program Pertukaran Mahasiswa Merdeka 4 (PMM 4) Semester Genap Tahun 2024 masih dibuka hingga tanggal 3 Desember 2023 mendatang. Mahasiswa aktif semester 3, 5, dan 7 diperkenankan mendaftar melalui link pmm.kampusmerdeka.kemdikbud.go.id. Selama proses pendaftaran peserta juga akan melalui Survei Kebhinekaan Calon Mahasiswa PMM 4. Peserta akan mengerjakan survei maksimal dalam waktu 30 menit. Lalu bagaimana cara mendaftar PMM 4? Berikut langkah-langkah selengkapnya dikutip dari laman Pusat Informasi Kampus Merdeka, Rabu (15/11/2023). SCROLL TO CONTINUE WITH CONTENT 1. Bukan laman pmm.kampusmerdeka.kemdikbud.go.id. 2. Buat akun dan lengkapi 'Data Profil' sesuai ketentuan, seluruh prosesnya bisa detikers lihat di sini 3. Login ke akun peserta 4. Untuk mengakses pendaftaran klik tab menu ""Pendaftaran"" pada dashboard akun PMM 4 5. Pada bagian 'Pendaftaran Ditawarkan' klik tombol 'Daftar' 4. Peserta akan menerima pesan konfirmasi jika profil sudah benar klik 'Lanjut daftar', untuk diingat data profil yang telah dikunci tidak dapat diubah 5. Ada tujuh tahap yang akan dilalui peserta selama pendaftaran, yaitu: 1. Data Pendaftaran berisi: 2. Data Akademik berisi 3. Data Kesehatan, berupa: Untuk catatan, peserta harus mengisi dengan kondisi/data sebenarnya demi kelancaran pelaksanaan kegiatan di PT Penerima. 4. Data Keuangan, berupa: 5. Data orang tua, berupa: 6. Data legal, berupa: 1. Pilihan 1 sampai 8 harus berbeda klaster dengan alamat kampus asal dan alamat yang tertera pada KTP peserta 2. Pilihan 1 wajib diisi, sedangkan pilihan 2 sampai 7 bersifat opsional 3. Pilihan 1 sampai 7 dapat dipilih selama jumlah pendaftar kurang dari 3 kali kuota yang ditawarkan oleh kampus penerima 4. Untuk mengubah pilihan atau urutan silahkan hapus pilihan terdahulu lalu dapat mengisi pilihan kembali Pada tahap ini, mahasiswa harus mengunci data agar bisa digunakan untuk tahap seleksi mahasiswa. Pastikan detikers udah memeriksa data dengan benar karena ketika dikunci kamu tidak dapat melakukan pengubahan data lagi ya! Rekomendasi akan diberikan oleh PT Pengirim kepada mahasiswa pendaftar melalui akun koordinator. Mahasiswa perlu berkoordinasi dengan koordinator PT Pengirim setelah melakukan penguncian data. Survei Kebhinekaan dan VCAT (Value Clarification and Attitude Transformation) akan dilakukan jika mahasiswa dinyatakan lolos seleksi administrasi di tahap sebelumnya. Proses ini adalah langkah yang WAJIB dilakukan peserta. Pengumuman akan dilaksanakan pada akhir bulan Desember 2023. Nah, itulah selengkapnya tentang link dan cara mendaftar PMM 4. Semoga berhasil detikers! ",Edu
Lirik Fix You dan Lagu Lain Coldplay Buat Belajar Bahasa Inggris & Objek Riset,"Rabu, 15 Nov 2023 15:00 WIB","Band Coldplay hari ini akan menggelar konser. Suara band rock asal Inggris yang dibentuk di University College London itu akan menghibur ribuan penonton di Stadion Utama Gelora Bung Karno (SUGBK). Sebagai salah satu band legendaris di dunia, berbagai lagu Coldplay tak berhenti digunakan untuk menghibur pendengarnya. Ada banyak karya mereka yang dipergunakan untuk belajar bahasa Inggris hingga bahan skripsi. Beberapa lagu Coldplay yang dapat digunakan untuk belajar bahasa Inggris, contohnya adalah berikut ini seperti dikutip dari laman English First: SCROLL TO CONTINUE WITH CONTENT Sebuah artikel akademik bertajuk ""Phrasal Verb in Coldplay's Album Song A Head Full of Dreams"" melakukan analisis mengenai phrasal verbs dalam album Coldplay ""A head Full of Dreams"" sekaligus manfaatnya untuk pembelajaran kosakata bahasa Inggris. Analisis yang dilakukan oleh Indera Nivika, Indri Kustantinah, dan Festi Himatu Karima dari Universitas PGRI Semarang ini menemukan ada 56 phrasal verbs dalam album tersebut. Dalam bahasa Inggris, phrasal verbs adalah frase yang berisi gabungan antara kata kerja dan preposisi atau adverb (kata keterangan), seperti dikutip dari laman EF. Sebuah analisis terhadap lagu Coldplay bertajuk ""Magic, Paradise, A Sky Full of Stars, Trouble, dan Yellow"" dilakukan oleh Apriliyadi. Penulis mempelajari figurative language dalam deretan lagu tersebut. Apa yang dimaksud sebagai figurative language adalah cara mempercantik ekspresi tertentu dengan cara menyebutkan kata atau kalimat yang memiliki makna berbeda dari makna sebenarnya. Sebuah skripsi yang ditulis oleh Vina Monika, UIN Raden Intan Lampung menganalisis jenis-jenis metafora dalam sejumlah lagu Coldplay. Penelitian ini bertajuk ""An Analysis of Metaphor in Song's Lyric's Music The Spheres by Coldplay"". Berdasarkan analisisnya, penulis menemukan bahwa metafora yang paling digunakan dalam sejumlah lagu Coldplay yang dianalisisnya adalah metafora ontologis Metafora ontologis memberikan kesan hidup pada benda mati, baik yang sifatnya nyata maupun abstrak. Semantik dalam linguistik mempelajari makna dan tujuan dari kata-kata. Skripsi bertajuk ""Semantic Meaning Analysis in the Five Coldplay's Songs"" yang ditulis oleh Muhammad Rivai Harahap ini menganalisis lima lagu dari Coldplay yakni ""Yellow, The Scientist, Fix You, Paradise, dan A Sky Full of Stars"". Selain mempelajari unsur semantik, penulis juga menemukan beberapa unsur lain seperti majas metafora, personifikasi, sinonim, hiponim, dan sebagainya. ",Edu
Raja-raja Kerajaan Ternate dan Peninggalan Sejarahnya,"Rabu, 15 Nov 2023 14:45 WIB","Kerajaan Ternate adalah salah satu kerajaan bercorak Islam yang terletak di Kepulauan Maluku, Indonesia. Kerajaan ini punya sejarah panjang yang melibatkan perebutan kekuasaan hingga perdagangan. Dikutip dari modul Kemdikbud IPS Paket A setara SD/MI terbitan Kemdikbud, disebutkan bahwa perkembangan kelahiran kerajaan Ternate terjadi pada abad ke-13. Kala itu, ibu kota Kerajaan Ternate berada di Sampalu (Pulau Ternate). Kala itu, di antara kerajaan Ternate adalah kerajaan yang paling maju di Maluku. Pasalnya, wilayah kerajaan ini banyak dikunjungi oleh pedagang, baik dari dalam maupun negara asing. SCROLL TO CONTINUE WITH CONTENT Kesultanan Ternate juga dikenal dengan Kerajaan Gapi. Simak daftar raja, hingga peninggalan sejarahnya berikut ini. Berikut adalah daftar beberapa nama raja yang pernah memerintah di kerajaan Ternate: Masa kejayaan Kerajaan Ternate ada pada pemerintahan Sultan Baabullah. Saat masa pemerintahannya, wilayah kerajaan Ternate semakin luas, yakni sampai meliputi Mindanao, seluruh kepulauan di Maluku, Papua, dan Timor. Semakin luasnya wilayah juga berbarengan dengan semakin luasnya juga penyebaran agama Islam di Maluku. Pada abad ke-15, kehidupan kebudayaan, pelayaran, ekonomi, sosial mengalami perkembangan yang pesat. Sehingga, membuat kerajaan Ternate menjadi kerajaan penting di Maluku. Sebagai kerajaan yang bercorak Islam, masyarakat Ternate menggunakan hukum Islam. Tak terkecuali dengan peninggalan sejarahnya. Berikut ini beberapa peninggalan sejarah dari kerajaan Ternate. Istana Sultan Ternate punya dua lantai yang menghadap ke arah laut. Wilayah istana dikelilingi perbentengan yang letaknya satu kompleks dengan masjid Ternate. Masjid Ternate didirikan oleh Sultan Hamzah. Keunikan masjid ini yaitu memiliki atap bersusun tujuh. Masjid tersebut memiliki luas 22.40 X 39.30 m dengan tinggi keseluruhan 21.74 M. Raja-raja Ternate punya beberapa koleksi kebanggaan, seperti halnya senjata dan alat-alat perang. Peninggalan senjata tersebut seperti, tongkat kebesaran pedang, baju besi, tombak, senapan, topi militer, tameng, dan perisai. Itu tadi sekilas tentang sejarah kerajaan Ternate hingga benda-benda peninggalannya. Semoga bisa menambah pengetahuan dan ilmu sejarah kalian ya. ",Edu
"Proses Pembelahan Sel Secara Mitosis, Ini Tahap-tahapannya","Rabu, 15 Nov 2023 14:30 WIB","Dalam sistem reproduksi manusia, untuk menciptakan individu baru memerlukan dua jenis sel kelamin, yakni sel kelamin jantan dan sel kelamin betina. Sel kelamin jantan menggabungkan dirinya dengan sel kelamin betina untuk membentuk sel baru. Proses untuk menghasilkan sel-sel baru disebut dengan pembelahan sel. Ini terjadi di setiap hari dengan kurang lebih dua triliun sel tubuh yang mengalami pembelahan. Dalam pembelahan sel, kita mengenal istilah mitosis sebagai salah satu jenis pembelahan sel. Apa itu mitosis? Mengutip dari buku Explore Ilmu Pengetahuan Alam untuk SMP/MTs Kelas IX oleh Sadiman dkk, mitosis adalah proses pembelahan sel yang bertujuan untuk menghasilkan dua sel anak yang identik dengan sel induknya. SCROLL TO CONTINUE WITH CONTENT Dalam mitosis, setiap sel anak memiliki jumlah kromosom yang sama dengan sel induk, yaitu dua set kromosom atau diploid (2n). Proses mitosis terjadi pada sel-sel tubuh (sel somatis), dan tujuannya adalah untuk mendukung pertumbuhan serta menggantikan sel-sel tubuh yang rusak. Dalam proses ini, terdapat beberapa fase pembelahan, seperti profase, metafase, anafase dan telofase. Namun sebelum melalui tahapam ini, sel lebih dulu berada dalam fase interfase untuk mengumpulkan energi dan nutrisi. Selain itu, terjadi penggandaan sel induk untuk berproses ditahap selanjutnya, yakni porfase. Berikut penjelasannya rincinya yang dikutip dari buku Bahas Total Matematika, Fisika, Biologi, dan Kimia SMA IPA Kelas XII oleh Budhi Setyono dkk. Tahap ini ditandai dengan: Tahap ini ditandai dengan: Telofase adalah tahap terakhir dalam proses mitosis. Pada tahap ini, sel mengalami beberapa perubahan penting: Nah, begitulah proses mitosis dalam tahapan reproduksi manusia. Selamat belajar!  ",Edu
